{
    "countryCodes": [
        "AF",
        "AX",
        "AL",
        "DZ",
        "AS",
        "AD",
        "AO",
        "AI",
        "AQ",
        "AG",
        "AR",
        "AM",
        "AW",
        "AU",
        "AT",
        "AZ",
        "BS",
        "BH",
        "BD",
        "BB",
        "BY",
        "BE",
        "BZ",
        "BJ",
        "BM",
        "BT",
        "BO",
        "BQ",
        "BA",
        "BW",
        "BV",
        "BR",
        "IO",
        "BN",
        "BG",
        "BF",
        "BI",
        "CV",
        "KH",
        "CM",
        "CA",
        "KY",
        "CF",
        "TD",
        "CL",
        "CN",
        "CX",
        "CC",
        "CO",
        "KM",
        "CG",
        "CD",
        "CK",
        "CR",
        "CI",
        "HR",
        "CU",
        "CW",
        "CY",
        "CZ",
        "DK",
        "DJ",
        "DM",
        "DO",
        "EC",
        "EG",
        "SV",
        "GQ",
        "ER",
        "EE",
        "SZ",
        "ET",
        "FK",
        "FO",
        "FJ",
        "FI",
        "FR",
        "GF",
        "PF",
        "TF",
        "GA",
        "GM",
        "GE",
        "DE",
        "GH",
        "GI",
        "GR",
        "GL",
        "GD",
        "GP",
        "GU",
        "GT",
        "GG",
        "GN",
        "GW",
        "GY",
        "HT",
        "HM",
        "VA",
        "HN",
        "HK",
        "HU",
        "IS",
        "IN",
        "ID",
        "IR",
        "IQ",
        "IE",
        "IM",
        "IL",
        "IT",
        "JM",
        "JP",
        "JE",
        "JO",
        "KZ",
        "KE",
        "KI",
        "KP",
        "KR",
        "KW",
        "KG",
        "LA",
        "LV",
        "LB",
        "LS",
        "LR",
        "LY",
        "LI",
        "LT",
        "LU",
        "MO",
        "MG",
        "MW",
        "MY",
        "MV",
        "ML",
        "MT",
        "MH",
        "MQ",
        "MR",
        "MU",
        "YT",
        "MX",
        "FM",
        "MD",
        "MC",
        "MN",
        "ME",
        "MS",
        "MA",
        "MZ",
        "MM",
        "NA",
        "NR",
        "NP",
        "NL",
        "NC",
        "NZ",
        "NI",
        "NE",
        "NG",
        "NU",
        "NF",
        "MK",
        "MP",
        "NO",
        "OM",
        "PK",
        "PW",
        "PS",
        "PA",
        "PG",
        "PY",
        "PE",
        "PH",
        "PN",
        "PL",
        "PT",
        "PR",
        "QA",
        "RE",
        "RO",
        "RU",
        "RW",
        "BL",
        "SH",
        "KN",
        "LC",
        "MF",
        "PM",
        "VC",
        "WS",
        "SM",
        "ST",
        "SA",
        "SN",
        "RS",
        "SC",
        "SL",
        "SG",
        "SX",
        "SK",
        "SI",
        "SB",
        "SO",
        "ZA",
        "GS",
        "SS",
        "ES",
        "LK",
        "SD",
        "SR",
        "SJ",
        "SE",
        "CH",
        "SY",
        "TW",
        "TJ",
        "TZ",
        "TH",
        "TL",
        "TG",
        "TK",
        "TO",
        "TT",
        "TN",
        "TR",
        "TM",
        "TC",
        "TV",
        "UG",
        "UA",
        "AE",
        "GB",
        "US",
        "UM",
        "UY",
        "UZ",
        "VU",
        "VE",
        "VN",
        "VG",
        "VI",
        "WF",
        "EH",
        "YE",
        "ZM",
        "ZW"
    ],
    "countryNames": {
        "AF": "Afghanistan",
        "AX": "Åland Islands",
        "AL": "Albania",
        "DZ": "Algeria",
        "AS": "American Samoa",
        "AD": "Andorra",
        "AO": "Angola",
        "AI": "Anguilla",
        "AQ": "Antarctica",
        "AG": "Antigua and Barbuda",
        "AR": "Argentina",
        "AM": "Armenia",
        "AW": "Aruba",
        "AU": "Australia",
        "AT": "Austria",
        "AZ": "Azerbaijan",
        "BS": "Bahamas",
        "BH": "Bahrain",
        "BD": "Bangladesh",
        "BB": "Barbados",
        "BY": "Belarus",
        "BE": "Belgium",
        "BZ": "Belize",
        "BJ": "Benin",
        "BM": "Bermuda",
        "BT": "Bhutan",
        "BO": "Bolivia, Plurinational State of",
        "BQ": "Bonaire, Sint Eustatius and Saba",
        "BA": "Bosnia and Herzegovina",
        "BW": "Botswana",
        "BV": "Bouvet Island",
        "BR": "Brazil",
        "IO": "British Indian Ocean Territory",
        "BN": "Brunei Darussalam",
        "BG": "Bulgaria",
        "BF": "Burkina Faso",
        "BI": "Burundi",
        "CV": "Cabo Verde",
        "KH": "Cambodia",
        "CM": "Cameroon",
        "CA": "Canada",
        "KY": "Cayman Islands",
        "CF": "Central African Republic",
        "TD": "Chad",
        "CL": "Chile",
        "CN": "China",
        "CX": "Christmas Island",
        "CC": "Cocos (Keeling) Islands",
        "CO": "Colombia",
        "KM": "Comoros",
        "CG": "Congo",
        "CD": "Congo, Democratic Republic of the",
        "CK": "Cook Islands",
        "CR": "Costa Rica",
        "CI": "Côte d'Ivoire",
        "HR": "Croatia",
        "CU": "Cuba",
        "CW": "Curaçao",
        "CY": "Cyprus",
        "CZ": "Czechia",
        "DK": "Denmark",
        "DJ": "Djibouti",
        "DM": "Dominica",
        "DO": "Dominican Republic",
        "EC": "Ecuador",
        "EG": "Egypt",
        "SV": "El Salvador",
        "GQ": "Equatorial Guinea",
        "ER": "Eritrea",
        "EE": "Estonia",
        "SZ": "Eswatini",
        "ET": "Ethiopia",
        "FK": "Falkland Islands (Malvinas)",
        "FO": "Faroe Islands",
        "FJ": "Fiji",
        "FI": "Finland",
        "FR": "France",
        "GF": "French Guiana",
        "PF": "French Polynesia",
        "TF": "French Southern Territories",
        "GA": "Gabon",
        "GM": "Gambia",
        "GE": "Georgia",
        "DE": "Germany",
        "GH": "Ghana",
        "GI": "Gibraltar",
        "GR": "Greece",
        "GL": "Greenland",
        "GD": "Grenada",
        "GP": "Guadeloupe",
        "GU": "Guam",
        "GT": "Guatemala",
        "GG": "Guernsey",
        "GN": "Guinea",
        "GW": "Guinea-Bissau",
        "GY": "Guyana",
        "HT": "Haiti",
        "HM": "Heard Island and McDonald Islands",
        "VA": "Holy See",
        "HN": "Honduras",
        "HK": "Hong Kong",
        "HU": "Hungary",
        "IS": "Iceland",
        "IN": "India",
        "ID": "Indonesia",
        "IR": "Iran, Islamic Republic of",
        "IQ": "Iraq",
        "IE": "Ireland",
        "IM": "Isle of Man",
        "IL": "Israel",
        "IT": "Italy",
        "JM": "Jamaica",
        "JP": "Japan",
        "JE": "Jersey",
        "JO": "Jordan",
        "KZ": "Kazakhstan",
        "KE": "Kenya",
        "KI": "Kiribati",
        "KP": "Korea, Democratic People's Republic of",
        "KR": "Korea, Republic of",
        "KW": "Kuwait",
        "KG": "Kyrgyzstan",
        "LA": "Lao People's Democratic Republic",
        "LV": "Latvia",
        "LB": "Lebanon",
        "LS": "Lesotho",
        "LR": "Liberia",
        "LY": "Libya",
        "LI": "Liechtenstein",
        "LT": "Lithuania",
        "LU": "Luxembourg",
        "MO": "Macao",
        "MG": "Madagascar",
        "MW": "Malawi",
        "MY": "Malaysia",
        "MV": "Maldives",
        "ML": "Mali",
        "MT": "Malta",
        "MH": "Marshall Islands",
        "MQ": "Martinique",
        "MR": "Mauritania",
        "MU": "Mauritius",
        "YT": "Mayotte",
        "MX": "Mexico",
        "FM": "Micronesia, Federated States of",
        "MD": "Moldova, Republic of",
        "MC": "Monaco",
        "MN": "Mongolia",
        "ME": "Montenegro",
        "MS": "Montserrat",
        "MA": "Morocco",
        "MZ": "Mozambique",
        "MM": "Myanmar",
        "NA": "Namibia",
        "NR": "Nauru",
        "NP": "Nepal",
        "NL": "Netherlands",
        "NC": "New Caledonia",
        "NZ": "New Zealand",
        "NI": "Nicaragua",
        "NE": "Niger",
        "NG": "Nigeria",
        "NU": "Niue",
        "NF": "Norfolk Island",
        "MK": "North Macedonia",
        "MP": "Northern Mariana Islands",
        "NO": "Norway",
        "OM": "Oman",
        "PK": "Pakistan",
        "PW": "Palau",
        "PS": "Palestine, State of",
        "PA": "Panama",
        "PG": "Papua New Guinea",
        "PY": "Paraguay",
        "PE": "Peru",
        "PH": "Philippines",
        "PN": "Pitcairn",
        "PL": "Poland",
        "PT": "Portugal",
        "PR": "Puerto Rico",
        "QA": "Qatar",
        "RE": "Réunion",
        "RO": "Romania",
        "RU": "Russia",
        "RW": "Rwanda",
        "BL": "Saint Barthélemy",
        "SH": "Saint Helena, Ascension and Tristan da Cunha",
        "KN": "Saint Kitts and Nevis",
        "LC": "Saint Lucia",
        "MF": "Saint Martin",
        "PM": "Saint Pierre and Miquelon",
        "VC": "Saint Vincent and the Grenadines",
        "WS": "Samoa",
        "SM": "San Marino",
        "ST": "Sao Tome and Principe",
        "SA": "Saudi Arabia",
        "SN": "Senegal",
        "RS": "Serbia",
        "SC": "Seychelles",
        "SL": "Sierra Leone",
        "SG": "Singapore",
        "SX": "Sint Maarten",
        "SK": "Slovakia",
        "SI": "Slovenia",
        "SB": "Solomon Islands",
        "SO": "Somalia",
        "ZA": "South Africa",
        "GS": "South Georgia and the South Sandwich Islands",
        "SS": "South Sudan",
        "ES": "Spain",
        "LK": "Sri Lanka",
        "SD": "Sudan",
        "SR": "Suriname",
        "SJ": "Svalbard and Jan Mayen",
        "SE": "Sweden",
        "CH": "Switzerland",
        "SY": "Syrian Arab Republic",
        "TW": "Taiwan",
        "TJ": "Tajikistan",
        "TZ": "Tanzania",
        "TH": "Thailand",
        "TL": "Timor-Leste",
        "TG": "Togo",
        "TK": "Tokelau",
        "TO": "Tonga",
        "TT": "Trinidad and Tobago",
        "TN": "Tunisia",
        "TR": "Türkiye",
        "TM": "Turkmenistan",
        "TC": "Turks and Caicos Islands",
        "TV": "Tuvalu",
        "UG": "Uganda",
        "UA": "Ukraine",
        "AE": "United Arab Emirates",
        "GB": "United Kingdom",
        "US": "United States of America",
        "UM": "United States Minor Outlying Islands",
        "UY": "Uruguay",
        "UZ": "Uzbekistan",
        "VU": "Vanuatu",
        "VE": "Venezuela",
        "VN": "Vietnam",
        "VG": "Virgin Islands (British)",
        "VI": "Virgin Islands (U.S.)",
        "WF": "Wallis and Futuna",
        "EH": "Western Sahara",
        "YE": "Yemen",
        "ZM": "Zambia",
        "ZW": "Zimbabwe"
    },
    "countryRegions": {
        "AF": "Asia",
        "AX": "Europe",
        "AL": "Europe",
        "DZ": "Africa",
        "AS": "Oceania",
        "AD": "Europe",
        "AO": "Africa",
        "AI": "Americas",
        "AQ": "Antarctic",
        "AG": "Americas",
        "AR": "Americas",
        "AM": "Asia",
        "AW": "Americas",
        "AU": "Oceania",
        "AT": "Europe",
        "AZ": "Asia",
        "BS": "Americas",
        "BH": "Asia",
        "BD": "Asia",
        "BB": "Americas",
        "BY": "Europe",
        "BE": "Europe",
        "BZ": "Americas",
        "BJ": "Africa",
        "BM": "Americas",
        "BT": "Asia",
        "BO": "Americas",
        "BQ": "Americas",
        "BA": "Europe",
        "BW": "Africa",
        "BV": "Americas",
        "BR": "Americas",
        "IO": "Africa",
        "BN": "Asia",
        "BG": "Europe",
        "BF": "Africa",
        "BI": "Africa",
        "CV": "Africa",
        "KH": "Asia",
        "CM": "Africa",
        "CA": "Americas",
        "KY": "Americas",
        "CF": "Africa",
        "TD": "Africa",
        "CL": "Americas",
        "CN": "Asia",
        "CX": "Oceania",
        "CC": "Oceania",
        "CO": "Americas",
        "KM": "Africa",
        "CG": "Africa",
        "CD": "Africa",
        "CK": "Oceania",
        "CR": "Americas",
        "CI": "Africa",
        "HR": "Europe",
        "CU": "Americas",
        "CW": "Americas",
        "CY": "Asia",
        "CZ": "Europe",
        "DK": "Europe",
        "DJ": "Africa",
        "DM": "Americas",
        "DO": "Americas",
        "EC": "Americas",
        "EG": "Africa",
        "SV": "Americas",
        "GQ": "Africa",
        "ER": "Africa",
        "EE": "Europe",
        "SZ": "Africa",
        "ET": "Africa",
        "FK": "Americas",
        "FO": "Europe",
        "FJ": "Oceania",
        "FI": "Europe",
        "FR": "Europe",
        "GF": "Americas",
        "PF": "Oceania",
        "TF": "Africa",
        "GA": "Africa",
        "GM": "Africa",
        "GE": "Asia",
        "DE": "Europe",
        "GH": "Africa",
        "GI": "Europe",
        "GR": "Europe",
        "GL": "Americas",
        "GD": "Americas",
        "GP": "Americas",
        "GU": "Oceania",
        "GT": "Americas",
        "GG": "Europe",
        "GN": "Africa",
        "GW": "Africa",
        "GY": "Americas",
        "HT": "Americas",
        "HM": "Oceania",
        "VA": "Europe",
        "HN": "Americas",
        "HK": "Asia",
        "HU": "Europe",
        "IS": "Europe",
        "IN": "Asia",
        "ID": "Asia",
        "IR": "Asia",
        "IQ": "Asia",
        "IE": "Europe",
        "IM": "Europe",
        "IL": "Asia",
        "IT": "Europe",
        "JM": "Americas",
        "JP": "Asia",
        "JE": "Europe",
        "JO": "Asia",
        "KZ": "Asia",
        "KE": "Africa",
        "KI": "Oceania",
        "KP": "Asia",
        "KR": "Asia",
        "KW": "Asia",
        "KG": "Asia",
        "LA": "Asia",
        "LV": "Europe",
        "LB": "Asia",
        "LS": "Africa",
        "LR": "Africa",
        "LY": "Africa",
        "LI": "Europe",
        "LT": "Europe",
        "LU": "Europe",
        "MO": "Asia",
        "MG": "Africa",
        "MW": "Africa",
        "MY": "Asia",
        "MV": "Asia",
        "ML": "Africa",
        "MT": "Europe",
        "MH": "Oceania",
        "MQ": "Americas",
        "MR": "Africa",
        "MU": "Africa",
        "YT": "Africa",
        "MX": "Americas",
        "FM": "Oceania",
        "MD": "Europe",
        "MC": "Europe",
        "MN": "Asia",
        "ME": "Europe",
        "MS": "Americas",
        "MA": "Africa",
        "MZ": "Africa",
        "MM": "Asia",
        "NA": "Africa",
        "NR": "Oceania",
        "NP": "Asia",
        "NL": "Europe",
        "NC": "Oceania",
        "NZ": "Oceania",
        "NI": "Americas",
        "NE": "Africa",
        "NG": "Africa",
        "NU": "Oceania",
        "NF": "Oceania",
        "MK": "Europe",
        "MP": "Oceania",
        "NO": "Europe",
        "OM": "Asia",
        "PK": "Asia",
        "PW": "Oceania",
        "PS": "Asia",
        "PA": "Americas",
        "PG": "Oceania",
        "PY": "Americas",
        "PE": "Americas",
        "PH": "Asia",
        "PN": "Oceania",
        "PL": "Europe",
        "PT": "Europe",
        "PR": "Americas",
        "QA": "Asia",
        "RE": "Africa",
        "RO": "Europe",
        "RU": "Europe",
        "RW": "Africa",
        "BL": "Americas",
        "SH": "Africa",
        "KN": "Americas",
        "LC": "Americas",
        "MF": "Americas",
        "PM": "Americas",
        "VC": "Americas",
        "WS": "Oceania",
        "SM": "Europe",
        "ST": "Africa",
        "SA": "Asia",
        "SN": "Africa",
        "RS": "Europe",
        "SC": "Africa",
        "SL": "Africa",
        "SG": "Asia",
        "SX": "Americas",
        "SK": "Europe",
        "SI": "Europe",
        "SB": "Oceania",
        "SO": "Africa",
        "ZA": "Africa",
        "GS": "Americas",
        "SS": "Africa",
        "ES": "Europe",
        "LK": "Asia",
        "SD": "Africa",
        "SR": "Americas",
        "SJ": "Europe",
        "SE": "Europe",
        "CH": "Europe",
        "SY": "Asia",
        "TW": "Asia",
        "TJ": "Asia",
        "TZ": "Africa",
        "TH": "Asia",
        "TL": "Asia",
        "TG": "Africa",
        "TK": "Oceania",
        "TO": "Oceania",
        "TT": "Americas",
        "TN": "Africa",
        "TR": "Asia",
        "TM": "Asia",
        "TC": "Americas",
        "TV": "Oceania",
        "UG": "Africa",
        "UA": "Europe",
        "AE": "Asia",
        "GB": "Europe",
        "US": "Americas",
        "UM": "Oceania",
        "UY": "Americas",
        "UZ": "Asia",
        "VU": "Oceania",
        "VE": "Americas",
        "VN": "Asia",
        "VG": "Americas",
        "VI": "Americas",
        "WF": "Oceania",
        "EH": "Africa",
        "YE": "Asia",
        "ZM": "Africa",
        "ZW": "Africa"
    },
    "countrySubRegions": {
        "AF": "Southern Asia",
        "AX": "Northern Europe",
        "AL": "Southern Europe",
        "DZ": "Northern Africa",
        "AS": "Polynesia",
        "AD": "Southern Europe",
        "AO": "Sub-Saharan Africa",
        "AI": "Latin America and the Caribbean",
        "AQ": "Subantarctic",
        "AG": "Latin America and the Caribbean",
        "AR": "Latin America and the Caribbean",
        "AM": "Western Asia",
        "AW": "Latin America and the Caribbean",
        "AU": "Australia and New Zealand",
        "AT": "Western Europe",
        "AZ": "Western Asia",
        "BS": "Latin America and the Caribbean",
        "BH": "Western Asia",
        "BD": "Southern Asia",
        "BB": "Latin America and the Caribbean",
        "BY": "Eastern Europe",
        "BE": "Western Europe",
        "BZ": "Latin America and the Caribbean",
        "BJ": "Sub-Saharan Africa",
        "BM": "Northern America",
        "BT": "Southern Asia",
        "BO": "Latin America and the Caribbean",
        "BQ": "Latin America and the Caribbean",
        "BA": "Southern Europe",
        "BW": "Sub-Saharan Africa",
        "BV": "Latin America and the Caribbean",
        "BR": "Latin America and the Caribbean",
        "IO": "Sub-Saharan Africa",
        "BN": "South-eastern Asia",
        "BG": "Eastern Europe",
        "BF": "Sub-Saharan Africa",
        "BI": "Sub-Saharan Africa",
        "CV": "Sub-Saharan Africa",
        "KH": "South-eastern Asia",
        "CM": "Sub-Saharan Africa",
        "CA": "Northern America",
        "KY": "Latin America and the Caribbean",
        "CF": "Sub-Saharan Africa",
        "TD": "Sub-Saharan Africa",
        "CL": "Latin America and the Caribbean",
        "CN": "Eastern Asia",
        "CX": "Australia and New Zealand",
        "CC": "Australia and New Zealand",
        "CO": "Latin America and the Caribbean",
        "KM": "Sub-Saharan Africa",
        "CG": "Sub-Saharan Africa",
        "CD": "Sub-Saharan Africa",
        "CK": "Polynesia",
        "CR": "Latin America and the Caribbean",
        "CI": "Sub-Saharan Africa",
        "HR": "Southern Europe",
        "CU": "Latin America and the Caribbean",
        "CW": "Latin America and the Caribbean",
        "CY": "Western Asia",
        "CZ": "Eastern Europe",
        "DK": "Northern Europe",
        "DJ": "Sub-Saharan Africa",
        "DM": "Latin America and the Caribbean",
        "DO": "Latin America and the Caribbean",
        "EC": "Latin America and the Caribbean",
        "EG": "Northern Africa",
        "SV": "Latin America and the Caribbean",
        "GQ": "Sub-Saharan Africa",
        "ER": "Sub-Saharan Africa",
        "EE": "Northern Europe",
        "SZ": "Sub-Saharan Africa",
        "ET": "Sub-Saharan Africa",
        "FK": "Latin America and the Caribbean",
        "FO": "Northern Europe",
        "FJ": "Melanesia",
        "FI": "Northern Europe",
        "FR": "Western Europe",
        "GF": "Latin America and the Caribbean",
        "PF": "Polynesia",
        "TF": "Sub-Saharan Africa",
        "GA": "Sub-Saharan Africa",
        "GM": "Sub-Saharan Africa",
        "GE": "Western Asia",
        "DE": "Western Europe",
        "GH": "Sub-Saharan Africa",
        "GI": "Southern Europe",
        "GR": "Southern Europe",
        "GL": "Northern America",
        "GD": "Latin America and the Caribbean",
        "GP": "Latin America and the Caribbean",
        "GU": "Micronesia",
        "GT": "Latin America and the Caribbean",
        "GG": "Northern Europe",
        "GN": "Sub-Saharan Africa",
        "GW": "Sub-Saharan Africa",
        "GY": "Latin America and the Caribbean",
        "HT": "Latin America and the Caribbean",
        "HM": "Australia and New Zealand",
        "VA": "Southern Europe",
        "HN": "Latin America and the Caribbean",
        "HK": "Eastern Asia",
        "HU": "Eastern Europe",
        "IS": "Northern Europe",
        "IN": "Southern Asia",
        "ID": "South-eastern Asia",
        "IR": "Southern Asia",
        "IQ": "Western Asia",
        "IE": "Northern Europe",
        "IM": "Northern Europe",
        "IL": "Western Asia",
        "IT": "Southern Europe",
        "JM": "Latin America and the Caribbean",
        "JP": "Eastern Asia",
        "JE": "Northern Europe",
        "JO": "Western Asia",
        "KZ": "Central Asia",
        "KE": "Sub-Saharan Africa",
        "KI": "Micronesia",
        "KP": "Eastern Asia",
        "KR": "Eastern Asia",
        "KW": "Western Asia",
        "KG": "Central Asia",
        "LA": "South-eastern Asia",
        "LV": "Northern Europe",
        "LB": "Western Asia",
        "LS": "Sub-Saharan Africa",
        "LR": "Sub-Saharan Africa",
        "LY": "Northern Africa",
        "LI": "Western Europe",
        "LT": "Northern Europe",
        "LU": "Western Europe",
        "MO": "Eastern Asia",
        "MG": "Sub-Saharan Africa",
        "MW": "Sub-Saharan Africa",
        "MY": "South-eastern Asia",
        "MV": "Southern Asia",
        "ML": "Sub-Saharan Africa",
        "MT": "Southern Europe",
        "MH": "Micronesia",
        "MQ": "Latin America and the Caribbean",
        "MR": "Sub-Saharan Africa",
        "MU": "Sub-Saharan Africa",
        "YT": "Sub-Saharan Africa",
        "MX": "Latin America and the Caribbean",
        "FM": "Micronesia",
        "MD": "Eastern Europe",
        "MC": "Western Europe",
        "MN": "Eastern Asia",
        "ME": "Southern Europe",
        "MS": "Latin America and the Caribbean",
        "MA": "Northern Africa",
        "MZ": "Sub-Saharan Africa",
        "MM": "South-eastern Asia",
        "NA": "Sub-Saharan Africa",
        "NR": "Micronesia",
        "NP": "Southern Asia",
        "NL": "Western Europe",
        "NC": "Melanesia",
        "NZ": "Australia and New Zealand",
        "NI": "Latin America and the Caribbean",
        "NE": "Sub-Saharan Africa",
        "NG": "Sub-Saharan Africa",
        "NU": "Polynesia",
        "NF": "Australia and New Zealand",
        "MK": "Southern Europe",
        "MP": "Micronesia",
        "NO": "Northern Europe",
        "OM": "Western Asia",
        "PK": "Southern Asia",
        "PW": "Micronesia",
        "PS": "Western Asia",
        "PA": "Latin America and the Caribbean",
        "PG": "Melanesia",
        "PY": "Latin America and the Caribbean",
        "PE": "Latin America and the Caribbean",
        "PH": "South-eastern Asia",
        "PN": "Polynesia",
        "PL": "Eastern Europe",
        "PT": "Southern Europe",
        "PR": "Latin America and the Caribbean",
        "QA": "Western Asia",
        "RE": "Sub-Saharan Africa",
        "RO": "Eastern Europe",
        "RU": "Eastern Europe",
        "RW": "Sub-Saharan Africa",
        "BL": "Latin America and the Caribbean",
        "SH": "Sub-Saharan Africa",
        "KN": "Latin America and the Caribbean",
        "LC": "Latin America and the Caribbean",
        "MF": "Latin America and the Caribbean",
        "PM": "Northern America",
        "VC": "Latin America and the Caribbean",
        "WS": "Polynesia",
        "SM": "Southern Europe",
        "ST": "Sub-Saharan Africa",
        "SA": "Western Asia",
        "SN": "Sub-Saharan Africa",
        "RS": "Southern Europe",
        "SC": "Sub-Saharan Africa",
        "SL": "Sub-Saharan Africa",
        "SG": "South-eastern Asia",
        "SX": "Latin America and the Caribbean",
        "SK": "Eastern Europe",
        "SI": "Southern Europe",
        "SB": "Melanesia",
        "SO": "Sub-Saharan Africa",
        "ZA": "Sub-Saharan Africa",
        "GS": "Latin America and the Caribbean",
        "SS": "Sub-Saharan Africa",
        "ES": "Southern Europe",
        "LK": "Southern Asia",
        "SD": "Northern Africa",
        "SR": "Latin America and the Caribbean",
        "SJ": "Northern Europe",
        "SE": "Northern Europe",
        "CH": "Western Europe",
        "SY": "Western Asia",
        "TW": "Eastern Asia",
        "TJ": "Central Asia",
        "TZ": "Sub-Saharan Africa",
        "TH": "South-eastern Asia",
        "TL": "South-eastern Asia",
        "TG": "Sub-Saharan Africa",
        "TK": "Polynesia",
        "TO": "Polynesia",
        "TT": "Latin America and the Caribbean",
        "TN": "Northern Africa",
        "TR": "Western Asia",
        "TM": "Central Asia",
        "TC": "Latin America and the Caribbean",
        "TV": "Polynesia",
        "UG": "Sub-Saharan Africa",
        "UA": "Eastern Europe",
        "AE": "Western Asia",
        "GB": "Northern Europe",
        "US": "Northern America",
        "UM": "Micronesia",
        "UY": "Latin America and the Caribbean",
        "UZ": "Central Asia",
        "VU": "Melanesia",
        "VE": "Latin America and the Caribbean",
        "VN": "South-eastern Asia",
        "VG": "Latin America and the Caribbean",
        "VI": "Latin America and the Caribbean",
        "WF": "Polynesia",
        "EH": "Northern Africa",
        "YE": "Western Asia",
        "ZM": "Sub-Saharan Africa",
        "ZW": "Sub-Saharan Africa"
    }
}